TaskID,EmployeeID,AssignedDate,Deadline,Status
1,1,2024-03-17,2024-03-18,Pending
2,1,2024-03-18,2024-03-19,Pending
3,1,2024-03-19,2024-03-20,Pending
4,1,2024-03-20,2024-03-21,Pending
5,1,2024-03-21,2024-03-22,Pending
6,1,2024-03-22,2024-03-23,Overdue
7,1,2024-03-23,2024-03-24,Pending
8,1,2024-03-24,2024-03-25,Pending
9,1,2024-03-25,2024-03-26,Completed
10,1,2024-03-26,2024-03-27,Overdue
11,1,2024-03-27,2024-03-28,Pending
12,1,2024-03-28,2024-03-29,Pending
13,1,2024-03-29,2024-03-30,Completed
14,1,2024-03-30,2024-03-31,Overdue
15,1,2024-03-31,2024-04-01,Completed
16,1,2024-04-01,2024-04-02,Overdue
17,1,2024-04-02,2024-04-03,Completed
18,1,2024-04-03,2024-04-04,Overdue
19,1,2024-04-04,2024-04-05,Overdue
20,1,2024-04-05,2024-04-06,Completed
21,1,2024-04-06,2024-04-07,Overdue
22,1,2024-04-07,2024-04-08,Completed
23,1,2024-04-08,2024-04-09,Completed
24,1,2024-04-09,2024-04-10,Completed
25,1,2024-04-10,2024-04-11,Overdue
26,2,2024-04-11,2024-04-12,Overdue
27,2,2024-04-12,2024-04-13,Completed
28,2,2024-04-13,2024-04-14,Pending
29,2,2024-04-14,2024-04-15,Pending
30,2,2024-04-15,2024-04-16,Completed
31,2,2024-04-16,2024-04-17,Completed
32,2,2024-04-17,2024-04-18,Pending
33,2,2024-04-18,2024-04-19,Pending
34,2,2024-04-19,2024-04-20,Overdue
35,2,2024-04-20,2024-04-21,Pending
36,2,2024-04-21,2024-04-22,Overdue
37,2,2024-04-22,2024-04-23,Pending
38,2,2024-04-23,2024-04-24,Completed
39,2,2024-04-24,2024-04-25,Overdue
40,2,2024-04-25,2024-04-26,Pending
41,2,2024-04-26,2024-04-27,Pending
42,2,2024-04-27,2024-04-28,Overdue
43,2,2024-04-28,2024-04-29,Overdue
44,2,2024-04-29,2024-04-30,Overdue
45,3,2024-04-30,2024-05-01,Pending
46,3,2024-05-01,2024-05-02,Overdue
47,3,2024-05-02,2024-05-03,Completed
48,3,2024-05-03,2024-05-04,Overdue
49,3,2024-05-04,2024-05-05,Overdue
50,3,2024-05-05,2024-05-06,Pending
51,3,2024-05-06,2024-05-07,Completed
52,3,2024-05-07,2024-05-08,Completed
53,3,2024-05-08,2024-05-09,Pending
54,3,2024-05-09,2024-05-10,Completed
55,3,2024-05-10,2024-05-11,Overdue
56,3,2024-05-11,2024-05-12,Overdue
57,3,2024-05-12,2024-05-13,Overdue
58,3,2024-05-13,2024-05-14,Pending
59,3,2024-05-14,2024-05-15,Completed
60,3,2024-05-15,2024-05-16,Pending
61,3,2024-05-16,2024-05-17,Completed
62,3,2024-05-17,2024-05-18,Pending
63,3,2024-05-18,2024-05-19,Overdue
64,3,2024-05-19,2024-05-20,Pending
65,3,2024-05-20,2024-05-21,Overdue
66,3,2024-05-21,2024-05-22,Pending
67,3,2024-05-22,2024-05-23,Pending
68,3,2024-05-23,2024-05-24,Pending
69,3,2024-05-24,2024-05-25,Pending
70,4,2024-05-25,2024-05-26,Completed
71,4,2024-05-26,2024-05-27,Pending
72,4,2024-05-27,2024-05-28,Completed
73,4,2024-05-28,2024-05-29,Completed
74,4,2024-05-29,2024-05-30,Pending
75,4,2024-05-30,2024-05-31,Pending
76,4,2024-05-31,2024-06-01,Completed
77,4,2024-06-01,2024-06-02,Overdue
78,4,2024-06-02,2024-06-03,Overdue
79,4,2024-06-03,2024-06-04,Pending
80,4,2024-06-04,2024-06-05,Overdue
81,4,2024-06-05,2024-06-06,Completed
82,4,2024-06-06,2024-06-07,Overdue
83,4,2024-06-07,2024-06-08,Overdue
84,4,2024-06-08,2024-06-09,Pending
85,4,2024-06-09,2024-06-10,Pending
86,4,2024-06-10,2024-06-11,Pending
87,4,2024-06-11,2024-06-12,Completed
88,4,2024-06-12,2024-06-13,Completed
89,4,2024-06-13,2024-06-14,Overdue
90,4,2024-06-14,2024-06-15,Pending
91,4,2024-06-15,2024-06-16,Overdue
92,4,2024-06-16,2024-06-17,Completed
93,4,2024-06-17,2024-06-18,Completed
94,4,2024-06-18,2024-06-19,Pending
95,4,2024-06-19,2024-06-20,Pending
96,4,2024-06-20,2024-06-21,Completed
97,4,2024-06-21,2024-06-22,Completed
98,5,2024-06-22,2024-06-23,Pending
99,5,2024-06-23,2024-06-24,Completed
100,5,2024-06-24,2024-06-25,Completed
101,5,2024-06-25,2024-06-26,Completed
102,5,2024-06-26,2024-06-27,Pending
103,5,2024-06-27,2024-06-28,Overdue
104,5,2024-06-28,2024-06-29,Completed
105,5,2024-06-29,2024-06-30,Completed
106,5,2024-06-30,2024-07-01,Completed
107,5,2024-07-01,2024-07-02,Overdue
108,5,2024-07-02,2024-07-03,Pending
109,5,2024-07-03,2024-07-04,Pending
110,5,2024-07-04,2024-07-05,Completed
111,5,2024-07-05,2024-07-06,Pending
112,5,2024-07-06,2024-07-07,Completed
113,5,2024-07-07,2024-07-08,Completed
114,5,2024-07-08,2024-07-09,Overdue
115,5,2024-07-09,2024-07-10,Overdue
116,5,2024-07-10,2024-07-11,Completed
117,5,2024-07-11,2024-07-12,Overdue
118,5,2024-07-12,2024-07-13,Overdue
119,5,2024-07-13,2024-07-14,Completed
120,5,2024-07-14,2024-07-15,Overdue
121,5,2024-07-15,2024-07-16,Completed
122,5,2024-07-16,2024-07-17,Pending
123,5,2024-07-17,2024-07-18,Overdue
124,5,2024-07-18,2024-07-19,Completed
125,5,2024-07-19,2024-07-20,Pending
126,5,2024-07-20,2024-07-21,Completed
127,5,2024-07-21,2024-07-22,Completed
128,6,2024-07-22,2024-07-23,Overdue
129,6,2024-07-23,2024-07-24,Pending
130,6,2024-07-24,2024-07-25,Overdue
131,6,2024-07-25,2024-07-26,Completed
132,6,2024-07-26,2024-07-27,Overdue
133,6,2024-07-27,2024-07-28,Completed
134,6,2024-07-28,2024-07-29,Completed
135,6,2024-07-29,2024-07-30,Overdue
136,6,2024-07-30,2024-07-31,Overdue
137,6,2024-07-31,2024-08-01,Completed
138,6,2024-08-01,2024-08-02,Completed
139,6,2024-08-02,2024-08-03,Completed
140,6,2024-08-03,2024-08-04,Pending
141,6,2024-08-04,2024-08-05,Completed
142,6,2024-08-05,2024-08-06,Overdue
143,6,2024-08-06,2024-08-07,Overdue
144,6,2024-08-07,2024-08-08,Completed
145,6,2024-08-08,2024-08-09,Completed
146,6,2024-08-09,2024-08-10,Completed
147,6,2024-08-10,2024-08-11,Completed
148,6,2024-08-11,2024-08-12,Completed
149,6,2024-08-12,2024-08-13,Pending
150,6,2024-08-13,2024-08-14,Overdue
151,6,2024-08-14,2024-08-15,Completed
152,7,2024-08-15,2024-08-16,Pending
153,7,2024-08-16,2024-08-17,Overdue
154,7,2024-08-17,2024-08-18,Overdue
155,7,2024-08-18,2024-08-19,Pending
156,7,2024-08-19,2024-08-20,Overdue
157,7,2024-08-20,2024-08-21,Overdue
158,7,2024-08-21,2024-08-22,Pending
159,7,2024-08-22,2024-08-23,Completed
160,7,2024-08-23,2024-08-24,Overdue
161,7,2024-08-24,2024-08-25,Overdue
162,7,2024-08-25,2024-08-26,Completed
163,7,2024-08-26,2024-08-27,Completed
164,7,2024-08-27,2024-08-28,Overdue
165,7,2024-08-28,2024-08-29,Completed
166,7,2024-08-29,2024-08-30,Pending
167,7,2024-08-30,2024-08-31,Pending
168,7,2024-08-31,2024-09-01,Completed
169,7,2024-09-01,2024-09-02,Overdue
170,7,2024-09-02,2024-09-03,Overdue
171,7,2024-09-03,2024-09-04,Completed
172,7,2024-09-04,2024-09-05,Pending
173,8,2024-09-05,2024-09-06,Pending
174,8,2024-09-06,2024-09-07,Overdue
175,8,2024-09-07,2024-09-08,Completed
176,8,2024-09-08,2024-09-09,Overdue
177,8,2024-09-09,2024-09-10,Pending
178,8,2024-09-10,2024-09-11,Completed
179,8,2024-09-11,2024-09-12,Pending
180,8,2024-09-12,2024-09-13,Completed
181,8,2024-09-13,2024-09-14,Overdue
182,8,2024-09-14,2024-09-15,Pending
183,8,2024-09-15,2024-09-16,Pending
184,8,2024-09-16,2024-09-17,Completed
185,8,2024-09-17,2024-09-18,Overdue
186,8,2024-09-18,2024-09-19,Completed
187,8,2024-09-19,2024-09-20,Overdue
188,8,2024-09-20,2024-09-21,Overdue
189,8,2024-09-21,2024-09-22,Completed
190,8,2024-09-22,2024-09-23,Pending
191,8,2024-09-23,2024-09-24,Completed
192,8,2024-09-24,2024-09-25,Pending
193,8,2024-09-25,2024-09-26,Pending
194,9,2024-09-26,2024-09-27,Overdue
195,9,2024-09-27,2024-09-28,Pending
196,9,2024-09-28,2024-09-29,Completed
197,9,2024-09-29,2024-09-30,Overdue
198,9,2024-09-30,2024-10-01,Overdue
199,9,2024-10-01,2024-10-02,Pending
200,9,2024-10-02,2024-10-03,Pending
201,9,2024-10-03,2024-10-04,Pending
202,9,2024-10-04,2024-10-05,Overdue
203,9,2024-10-05,2024-10-06,Pending
204,9,2024-10-06,2024-10-07,Overdue
205,9,2024-10-07,2024-10-08,Overdue
206,9,2024-10-08,2024-10-09,Pending
207,9,2024-10-09,2024-10-10,Overdue
208,9,2024-10-10,2024-10-11,Overdue
209,9,2024-10-11,2024-10-12,Completed
210,9,2024-10-12,2024-10-13,Overdue
211,9,2024-10-13,2024-10-14,Completed
212,9,2024-10-14,2024-10-15,Overdue
213,9,2024-10-15,2024-10-16,Completed
214,9,2024-10-16,2024-10-17,Completed
215,9,2024-10-17,2024-10-18,Pending
216,9,2024-10-18,2024-10-19,Pending
217,9,2024-10-19,2024-10-20,Pending
218,9,2024-10-20,2024-10-21,Overdue
219,9,2024-10-21,2024-10-22,Completed
220,9,2024-10-22,2024-10-23,Pending
221,9,2024-10-23,2024-10-24,Overdue
222,9,2024-10-24,2024-10-25,Overdue
223,9,2024-10-25,2024-10-26,Overdue
224,10,2024-10-26,2024-10-27,Overdue
225,10,2024-10-27,2024-10-28,Overdue
226,10,2024-10-28,2024-10-29,Pending
227,10,2024-10-29,2024-10-30,Pending
228,10,2024-10-30,2024-10-31,Overdue
229,10,2024-10-31,2024-11-01,Completed
230,10,2024-11-01,2024-11-02,Completed
231,10,2024-11-02,2024-11-03,Pending
232,10,2024-11-03,2024-11-04,Overdue
233,10,2024-11-04,2024-11-05,Pending
234,10,2024-11-05,2024-11-06,Completed
235,10,2024-11-06,2024-11-07,Pending
236,10,2024-11-07,2024-11-08,Completed
237,10,2024-11-08,2024-11-09,Completed
238,10,2024-11-09,2024-11-10,Pending
239,10,2024-11-10,2024-11-11,Pending
240,10,2024-11-11,2024-11-12,Completed
241,10,2024-11-12,2024-11-13,Completed
242,10,2024-11-13,2024-11-14,Completed
243,11,2024-11-14,2024-11-15,Overdue
244,11,2024-11-15,2024-11-16,Pending
245,11,2024-11-16,2024-11-17,Overdue
246,11,2024-11-17,2024-11-18,Pending
247,11,2024-11-18,2024-11-19,Overdue
248,11,2024-11-19,2024-11-20,Pending
249,11,2024-11-20,2024-11-21,Overdue
250,11,2024-11-21,2024-11-22,Completed
251,11,2024-11-22,2024-11-23,Overdue
252,11,2024-11-23,2024-11-24,Pending
253,11,2024-11-24,2024-11-25,Pending
254,11,2024-11-25,2024-11-26,Pending
255,11,2024-11-26,2024-11-27,Completed
256,11,2024-11-27,2024-11-28,Overdue
257,11,2024-11-28,2024-11-29,Pending
258,12,2024-11-29,2024-11-30,Completed
259,12,2024-11-30,2024-12-01,Pending
260,12,2024-12-01,2024-12-02,Completed
261,12,2024-12-02,2024-12-03,Overdue
262,12,2024-12-03,2024-12-04,Overdue
263,12,2024-12-04,2024-12-05,Overdue
264,12,2024-12-05,2024-12-06,Overdue
265,12,2024-12-06,2024-12-07,Completed
266,12,2024-12-07,2024-12-08,Overdue
267,12,2024-12-08,2024-12-09,Overdue
268,12,2024-12-09,2024-12-10,Overdue
269,12,2024-12-10,2024-12-11,Pending
270,12,2024-12-11,2024-12-12,Pending
271,12,2024-12-12,2024-12-13,Pending
272,12,2024-12-13,2024-12-14,Pending
273,12,2024-12-14,2024-12-15,Overdue
274,12,2024-12-15,2024-12-16,Overdue
275,12,2024-12-16,2024-12-17,Pending
276,12,2024-12-17,2024-12-18,Completed
277,12,2024-12-18,2024-12-19,Completed
278,12,2024-12-19,2024-12-20,Pending
279,12,2024-12-20,2024-12-21,Completed
280,12,2024-12-21,2024-12-22,Completed
281,12,2024-12-22,2024-12-23,Completed
282,12,2024-12-23,2024-12-24,Completed
283,12,2024-12-24,2024-12-25,Pending
284,12,2024-12-25,2024-12-26,Pending
285,12,2024-12-26,2024-12-27,Overdue
286,12,2024-12-27,2024-12-28,Completed
287,13,2024-12-28,2024-12-29,Completed
288,13,2024-12-29,2024-12-30,Completed
289,13,2024-12-30,2024-12-31,Completed
290,13,2024-12-31,2025-01-01,Overdue
291,13,2025-01-01,2025-01-02,Completed
292,13,2025-01-02,2025-01-03,Pending
293,13,2025-01-03,2025-01-04,Pending
294,13,2025-01-04,2025-01-05,Pending
295,13,2025-01-05,2025-01-06,Pending
296,13,2025-01-06,2025-01-07,Completed
297,13,2025-01-07,2025-01-08,Completed
298,13,2025-01-08,2025-01-09,Completed
299,13,2025-01-09,2025-01-10,Overdue
300,13,2025-01-10,2025-01-11,Overdue
301,13,2025-01-11,2025-01-12,Completed
302,13,2025-01-12,2025-01-13,Overdue
303,13,2025-01-13,2025-01-14,Pending
304,13,2025-01-14,2025-01-15,Completed
305,13,2025-01-15,2025-01-16,Overdue
306,13,2025-01-16,2025-01-17,Pending
307,14,2025-01-17,2025-01-18,Pending
308,14,2025-01-18,2025-01-19,Completed
309,14,2025-01-19,2025-01-20,Pending
310,14,2025-01-20,2025-01-21,Completed
311,14,2025-01-21,2025-01-22,Overdue
312,14,2025-01-22,2025-01-23,Pending
313,14,2025-01-23,2025-01-24,Pending
314,14,2025-01-24,2025-01-25,Completed
315,14,2025-01-25,2025-01-26,Pending
316,14,2025-01-26,2025-01-27,Overdue
317,14,2025-01-27,2025-01-28,Completed
318,14,2025-01-28,2025-01-29,Pending
319,14,2025-01-29,2025-01-30,Pending
320,14,2025-01-30,2025-01-31,Pending
321,14,2025-01-31,2025-02-01,Overdue
322,14,2025-02-01,2025-02-02,Completed
323,14,2025-02-02,2025-02-03,Pending
324,14,2025-02-03,2025-02-04,Pending
325,14,2025-02-04,2025-02-05,Overdue
326,14,2025-02-05,2025-02-06,Completed
327,14,2025-02-06,2025-02-07,Completed
328,14,2025-02-07,2025-02-08,Completed
329,14,2025-02-08,2025-02-09,Overdue
330,14,2025-02-09,2025-02-10,Overdue
331,14,2025-02-10,2025-02-11,Overdue
332,15,2025-02-11,2025-02-12,Overdue
333,15,2025-02-12,2025-02-13,Pending
334,15,2025-02-13,2025-02-14,Completed
335,15,2025-02-14,2025-02-15,Overdue
336,15,2025-02-15,2025-02-16,Pending
337,15,2025-02-16,2025-02-17,Completed
338,15,2025-02-17,2025-02-18,Completed
339,15,2025-02-18,2025-02-19,Overdue
340,15,2025-02-19,2025-02-20,Overdue
341,15,2025-02-20,2025-02-21,Overdue
342,15,2025-02-21,2025-02-22,Completed
343,15,2025-02-22,2025-02-23,Pending
344,15,2025-02-23,2025-02-24,Overdue
345,15,2025-02-24,2025-02-25,Overdue
346,15,2025-02-25,2025-02-26,Pending
347,15,2025-02-26,2025-02-27,Completed
348,15,2025-02-27,2025-02-28,Pending
349,15,2025-02-28,2025-03-01,Completed
350,15,2025-03-01,2025-03-02,Completed
351,15,2025-03-02,2025-03-03,Overdue
352,16,2025-03-03,2025-03-04,Overdue
353,16,2025-03-04,2025-03-05,Overdue
354,16,2025-03-05,2025-03-06,Completed
355,16,2025-03-06,2025-03-07,Completed
356,16,2025-03-07,2025-03-08,Completed
357,16,2025-03-08,2025-03-09,Pending
358,16,2025-03-09,2025-03-10,Completed
359,16,2025-03-10,2025-03-11,Completed
360,16,2025-03-11,2025-03-12,Completed
361,16,2025-03-12,2025-03-13,Overdue
362,16,2025-03-13,2025-03-14,Pending
363,16,2025-03-14,2025-03-15,Overdue
364,16,2025-03-15,2025-03-16,Completed
365,16,2025-03-16,2025-03-17,Pending
366,16,2025-03-17,2025-03-18,Completed
367,16,2025-03-18,2025-03-19,Completed
368,16,2025-03-19,2025-03-20,Pending
369,16,2025-03-20,2025-03-21,Overdue
370,17,2025-03-21,2025-03-22,Completed
371,17,2025-03-22,2025-03-23,Pending
372,17,2025-03-23,2025-03-24,Completed
373,17,2025-03-24,2025-03-25,Overdue
374,17,2025-03-25,2025-03-26,Overdue
375,17,2025-03-26,2025-03-27,Overdue
376,17,2025-03-27,2025-03-28,Overdue
377,17,2025-03-28,2025-03-29,Overdue
378,17,2025-03-29,2025-03-30,Completed
379,17,2025-03-30,2025-03-31,Pending
380,17,2025-03-31,2025-04-01,Overdue
381,17,2025-04-01,2025-04-02,Overdue
382,17,2025-04-02,2025-04-03,Overdue
383,17,2025-04-03,2025-04-04,Overdue
384,17,2025-04-04,2025-04-05,Pending
385,17,2025-04-05,2025-04-06,Pending
386,17,2025-04-06,2025-04-07,Overdue
387,17,2025-04-07,2025-04-08,Pending
388,17,2025-04-08,2025-04-09,Completed
389,17,2025-04-09,2025-04-10,Overdue
390,17,2025-04-10,2025-04-11,Overdue
391,17,2025-04-11,2025-04-12,Overdue
392,17,2025-04-12,2025-04-13,Completed
393,17,2025-04-13,2025-04-14,Pending
394,17,2025-04-14,2025-04-15,Completed
395,17,2025-04-15,2025-04-16,Pending
396,18,2025-04-16,2025-04-17,Overdue
397,18,2025-04-17,2025-04-18,Overdue
398,18,2025-04-18,2025-04-19,Completed
399,18,2025-04-19,2025-04-20,Completed
400,18,2025-04-20,2025-04-21,Completed
401,18,2025-04-21,2025-04-22,Overdue
402,18,2025-04-22,2025-04-23,Pending
403,18,2025-04-23,2025-04-24,Pending
404,18,2025-04-24,2025-04-25,Completed
405,18,2025-04-25,2025-04-26,Overdue
406,18,2025-04-26,2025-04-27,Pending
407,18,2025-04-27,2025-04-28,Overdue
408,18,2025-04-28,2025-04-29,Completed
409,18,2025-04-29,2025-04-30,Completed
410,18,2025-04-30,2025-05-01,Completed
411,18,2025-05-01,2025-05-02,Completed
412,18,2025-05-02,2025-05-03,Overdue
413,18,2025-05-03,2025-05-04,Overdue
414,18,2025-05-04,2025-05-05,Overdue
415,18,2025-05-05,2025-05-06,Overdue
416,18,2025-05-06,2025-05-07,Overdue
417,18,2025-05-07,2025-05-08,Overdue
418,18,2025-05-08,2025-05-09,Overdue
419,19,2025-05-09,2025-05-10,Completed
420,19,2025-05-10,2025-05-11,Pending
421,19,2025-05-11,2025-05-12,Completed
422,19,2025-05-12,2025-05-13,Completed
423,19,2025-05-13,2025-05-14,Overdue
424,19,2025-05-14,2025-05-15,Overdue
425,19,2025-05-15,2025-05-16,Pending
426,19,2025-05-16,2025-05-17,Pending
427,19,2025-05-17,2025-05-18,Completed
428,19,2025-05-18,2025-05-19,Completed
429,19,2025-05-19,2025-05-20,Overdue
430,19,2025-05-20,2025-05-21,Pending
431,19,2025-05-21,2025-05-22,Completed
432,19,2025-05-22,2025-05-23,Completed
433,19,2025-05-23,2025-05-24,Overdue
434,19,2025-05-24,2025-05-25,Overdue
435,19,2025-05-25,2025-05-26,Completed
436,19,2025-05-26,2025-05-27,Overdue
437,19,2025-05-27,2025-05-28,Pending
438,19,2025-05-28,2025-05-29,Overdue
439,19,2025-05-29,2025-05-30,Pending
440,19,2025-05-30,2025-05-31,Pending
441,19,2025-05-31,2025-06-01,Pending
442,19,2025-06-01,2025-06-02,Pending
443,19,2025-06-02,2025-06-03,Pending
444,19,2025-06-03,2025-06-04,Overdue
445,19,2025-06-04,2025-06-05,Pending
446,20,2025-06-05,2025-06-06,Completed
447,20,2025-06-06,2025-06-07,Completed
448,20,2025-06-07,2025-06-08,Pending
449,20,2025-06-08,2025-06-09,Completed
450,20,2025-06-09,2025-06-10,Completed
451,20,2025-06-10,2025-06-11,Pending
452,20,2025-06-11,2025-06-12,Completed
453,20,2025-06-12,2025-06-13,Pending
454,20,2025-06-13,2025-06-14,Pending
455,20,2025-06-14,2025-06-15,Pending
456,20,2025-06-15,2025-06-16,Pending
457,20,2025-06-16,2025-06-17,Overdue
458,20,2025-06-17,2025-06-18,Completed
459,20,2025-06-18,2025-06-19,Completed
460,20,2025-06-19,2025-06-20,Completed
461,20,2025-06-20,2025-06-21,Pending
462,20,2025-06-21,2025-06-22,Pending
463,20,2025-06-22,2025-06-23,Completed
464,20,2025-06-23,2025-06-24,Pending
465,20,2025-06-24,2025-06-25,Overdue
466,20,2025-06-25,2025-06-26,Overdue
467,20,2025-06-26,2025-06-27,Overdue
468,21,2025-06-27,2025-06-28,Pending
469,21,2025-06-28,2025-06-29,Pending
470,21,2025-06-29,2025-06-30,Pending
471,21,2025-06-30,2025-07-01,Overdue
472,21,2025-07-01,2025-07-02,Overdue
473,21,2025-07-02,2025-07-03,Overdue
474,21,2025-07-03,2025-07-04,Pending
475,21,2025-07-04,2025-07-05,Pending
476,21,2025-07-05,2025-07-06,Pending
477,21,2025-07-06,2025-07-07,Completed
478,21,2025-07-07,2025-07-08,Completed
479,21,2025-07-08,2025-07-09,Pending
480,21,2025-07-09,2025-07-10,Overdue
481,21,2025-07-10,2025-07-11,Completed
482,21,2025-07-11,2025-07-12,Completed
483,21,2025-07-12,2025-07-13,Pending
484,21,2025-07-13,2025-07-14,Completed
485,21,2025-07-14,2025-07-15,Overdue
486,21,2025-07-15,2025-07-16,Completed
487,21,2025-07-16,2025-07-17,Pending
488,22,2025-07-17,2025-07-18,Pending
489,22,2025-07-18,2025-07-19,Pending
490,22,2025-07-19,2025-07-20,Completed
491,22,2025-07-20,2025-07-21,Pending
492,22,2025-07-21,2025-07-22,Completed
493,22,2025-07-22,2025-07-23,Overdue
494,22,2025-07-23,2025-07-24,Pending
495,22,2025-07-24,2025-07-25,Completed
496,22,2025-07-25,2025-07-26,Pending
497,22,2025-07-26,2025-07-27,Pending
498,22,2025-07-27,2025-07-28,Completed
499,22,2025-07-28,2025-07-29,Completed
500,22,2025-07-29,2025-07-30,Completed
501,22,2025-07-30,2025-07-31,Completed
502,22,2025-07-31,2025-08-01,Overdue
503,22,2025-08-01,2025-08-02,Overdue
504,22,2025-08-02,2025-08-03,Overdue
505,22,2025-08-03,2025-08-04,Pending
506,22,2025-08-04,2025-08-05,Overdue
507,22,2025-08-05,2025-08-06,Pending
508,22,2025-08-06,2025-08-07,Overdue
509,22,2025-08-07,2025-08-08,Overdue
510,22,2025-08-08,2025-08-09,Pending
511,22,2025-08-09,2025-08-10,Overdue
512,22,2025-08-10,2025-08-11,Completed
513,22,2025-08-11,2025-08-12,Overdue
514,22,2025-08-12,2025-08-13,Completed
515,23,2025-08-13,2025-08-14,Overdue
516,23,2025-08-14,2025-08-15,Overdue
517,23,2025-08-15,2025-08-16,Pending
518,23,2025-08-16,2025-08-17,Pending
519,23,2025-08-17,2025-08-18,Completed
520,23,2025-08-18,2025-08-19,Completed
521,23,2025-08-19,2025-08-20,Overdue
522,23,2025-08-20,2025-08-21,Pending
523,23,2025-08-21,2025-08-22,Completed
524,23,2025-08-22,2025-08-23,Pending
525,23,2025-08-23,2025-08-24,Overdue
526,23,2025-08-24,2025-08-25,Overdue
527,23,2025-08-25,2025-08-26,Pending
528,23,2025-08-26,2025-08-27,Pending
529,23,2025-08-27,2025-08-28,Completed
530,23,2025-08-28,2025-08-29,Pending
531,23,2025-08-29,2025-08-30,Pending
532,23,2025-08-30,2025-08-31,Completed
533,23,2025-08-31,2025-09-01,Completed
534,23,2025-09-01,2025-09-02,Completed
535,23,2025-09-02,2025-09-03,Pending
536,23,2025-09-03,2025-09-04,Completed
537,23,2025-09-04,2025-09-05,Completed
538,23,2025-09-05,2025-09-06,Overdue
539,23,2025-09-06,2025-09-07,Overdue
540,24,2025-09-07,2025-09-08,Completed
541,24,2025-09-08,2025-09-09,Completed
542,24,2025-09-09,2025-09-10,Pending
543,24,2025-09-10,2025-09-11,Pending
544,24,2025-09-11,2025-09-12,Completed
545,24,2025-09-12,2025-09-13,Overdue
546,24,2025-09-13,2025-09-14,Pending
547,24,2025-09-14,2025-09-15,Completed
548,24,2025-09-15,2025-09-16,Pending
549,24,2025-09-16,2025-09-17,Completed
550,24,2025-09-17,2025-09-18,Completed
551,24,2025-09-18,2025-09-19,Overdue
552,24,2025-09-19,2025-09-20,Pending
553,24,2025-09-20,2025-09-21,Completed
554,24,2025-09-21,2025-09-22,Completed
555,24,2025-09-22,2025-09-23,Pending
556,24,2025-09-23,2025-09-24,Pending
557,24,2025-09-24,2025-09-25,Overdue
558,24,2025-09-25,2025-09-26,Completed
559,24,2025-09-26,2025-09-27,Overdue
560,24,2025-09-27,2025-09-28,Pending
561,25,2025-09-28,2025-09-29,Completed
562,25,2025-09-29,2025-09-30,Overdue
563,25,2025-09-30,2025-10-01,Overdue
564,25,2025-10-01,2025-10-02,Completed
565,25,2025-10-02,2025-10-03,Overdue
566,25,2025-10-03,2025-10-04,Pending
567,25,2025-10-04,2025-10-05,Overdue
568,25,2025-10-05,2025-10-06,Pending
569,25,2025-10-06,2025-10-07,Completed
570,25,2025-10-07,2025-10-08,Pending
571,25,2025-10-08,2025-10-09,Pending
572,25,2025-10-09,2025-10-10,Completed
573,25,2025-10-10,2025-10-11,Pending
574,25,2025-10-11,2025-10-12,Pending
575,25,2025-10-12,2025-10-13,Completed
576,25,2025-10-13,2025-10-14,Overdue
577,25,2025-10-14,2025-10-15,Pending
578,25,2025-10-15,2025-10-16,Overdue
579,25,2025-10-16,2025-10-17,Overdue
580,25,2025-10-17,2025-10-18,Overdue
581,25,2025-10-18,2025-10-19,Overdue
582,25,2025-10-19,2025-10-20,Completed
583,25,2025-10-20,2025-10-21,Completed
584,25,2025-10-21,2025-10-22,Pending
585,26,2025-10-22,2025-10-23,Overdue
586,26,2025-10-23,2025-10-24,Pending
587,26,2025-10-24,2025-10-25,Completed
588,26,2025-10-25,2025-10-26,Pending
589,26,2025-10-26,2025-10-27,Pending
590,26,2025-10-27,2025-10-28,Pending
591,26,2025-10-28,2025-10-29,Overdue
592,26,2025-10-29,2025-10-30,Pending
593,26,2025-10-30,2025-10-31,Completed
594,26,2025-10-31,2025-11-01,Pending
595,26,2025-11-01,2025-11-02,Pending
596,26,2025-11-02,2025-11-03,Pending
597,26,2025-11-03,2025-11-04,Overdue
598,26,2025-11-04,2025-11-05,Overdue
599,26,2025-11-05,2025-11-06,Overdue
600,26,2025-11-06,2025-11-07,Pending
601,26,2025-11-07,2025-11-08,Overdue
602,26,2025-11-08,2025-11-09,Pending
603,26,2025-11-09,2025-11-10,Pending
604,26,2025-11-10,2025-11-11,Pending
605,26,2025-11-11,2025-11-12,Overdue
606,27,2025-11-12,2025-11-13,Completed
607,27,2025-11-13,2025-11-14,Overdue
608,27,2025-11-14,2025-11-15,Overdue
609,27,2025-11-15,2025-11-16,Completed
610,27,2025-11-16,2025-11-17,Overdue
611,27,2025-11-17,2025-11-18,Overdue
612,27,2025-11-18,2025-11-19,Pending
613,27,2025-11-19,2025-11-20,Pending
614,27,2025-11-20,2025-11-21,Overdue
615,27,2025-11-21,2025-11-22,Pending
616,27,2025-11-22,2025-11-23,Completed
617,27,2025-11-23,2025-11-24,Pending
618,27,2025-11-24,2025-11-25,Completed
619,27,2025-11-25,2025-11-26,Pending
620,27,2025-11-26,2025-11-27,Pending
621,27,2025-11-27,2025-11-28,Completed
622,27,2025-11-28,2025-11-29,Completed
623,27,2025-11-29,2025-11-30,Completed
624,28,2025-11-30,2025-12-01,Completed
625,28,2025-12-01,2025-12-02,Overdue
626,28,2025-12-02,2025-12-03,Completed
627,28,2025-12-03,2025-12-04,Pending
628,28,2025-12-04,2025-12-05,Overdue
629,28,2025-12-05,2025-12-06,Overdue
630,28,2025-12-06,2025-12-07,Overdue
631,28,2025-12-07,2025-12-08,Overdue
632,28,2025-12-08,2025-12-09,Overdue
633,28,2025-12-09,2025-12-10,Overdue
634,28,2025-12-10,2025-12-11,Overdue
635,28,2025-12-11,2025-12-12,Overdue
636,28,2025-12-12,2025-12-13,Pending
637,28,2025-12-13,2025-12-14,Pending
638,28,2025-12-14,2025-12-15,Overdue
639,28,2025-12-15,2025-12-16,Completed
640,28,2025-12-16,2025-12-17,Overdue
641,28,2025-12-17,2025-12-18,Completed
642,28,2025-12-18,2025-12-19,Overdue
643,28,2025-12-19,2025-12-20,Completed
644,28,2025-12-20,2025-12-21,Pending
645,28,2025-12-21,2025-12-22,Completed
646,28,2025-12-22,2025-12-23,Completed
647,28,2025-12-23,2025-12-24,Pending
648,28,2025-12-24,2025-12-25,Overdue
649,28,2025-12-25,2025-12-26,Overdue
650,28,2025-12-26,2025-12-27,Pending
651,28,2025-12-27,2025-12-28,Overdue
652,28,2025-12-28,2025-12-29,Pending
653,28,2025-12-29,2025-12-30,Overdue
654,29,2025-12-30,2025-12-31,Completed
655,29,2025-12-31,2026-01-01,Completed
656,29,2026-01-01,2026-01-02,Pending
657,29,2026-01-02,2026-01-03,Completed
658,29,2026-01-03,2026-01-04,Overdue
659,29,2026-01-04,2026-01-05,Pending
660,29,2026-01-05,2026-01-06,Pending
661,29,2026-01-06,2026-01-07,Pending
662,29,2026-01-07,2026-01-08,Pending
663,29,2026-01-08,2026-01-09,Completed
664,29,2026-01-09,2026-01-10,Completed
665,29,2026-01-10,2026-01-11,Pending
666,29,2026-01-11,2026-01-12,Pending
667,29,2026-01-12,2026-01-13,Overdue
668,29,2026-01-13,2026-01-14,Overdue
669,29,2026-01-14,2026-01-15,Pending
670,29,2026-01-15,2026-01-16,Overdue
671,29,2026-01-16,2026-01-17,Pending
672,29,2026-01-17,2026-01-18,Pending
673,29,2026-01-18,2026-01-19,Overdue
674,29,2026-01-19,2026-01-20,Pending
675,29,2026-01-20,2026-01-21,Overdue
676,30,2026-01-21,2026-01-22,Completed
677,30,2026-01-22,2026-01-23,Completed
678,30,2026-01-23,2026-01-24,Overdue
679,30,2026-01-24,2026-01-25,Pending
680,30,2026-01-25,2026-01-26,Completed
681,30,2026-01-26,2026-01-27,Pending
682,30,2026-01-27,2026-01-28,Overdue
683,30,2026-01-28,2026-01-29,Pending
684,30,2026-01-29,2026-01-30,Overdue
685,30,2026-01-30,2026-01-31,Completed
686,30,2026-01-31,2026-02-01,Overdue
687,30,2026-02-01,2026-02-02,Completed
688,30,2026-02-02,2026-02-03,Completed
689,30,2026-02-03,2026-02-04,Completed
690,30,2026-02-04,2026-02-05,Pending
691,30,2026-02-05,2026-02-06,Completed
692,30,2026-02-06,2026-02-07,Pending
693,30,2026-02-07,2026-02-08,Pending
694,30,2026-02-08,2026-02-09,Completed
695,30,2026-02-09,2026-02-10,Completed
696,30,2026-02-10,2026-02-11,Overdue
697,30,2026-02-11,2026-02-12,Pending
698,31,2026-02-12,2026-02-13,Pending
699,31,2026-02-13,2026-02-14,Overdue
700,31,2026-02-14,2026-02-15,Completed
701,31,2026-02-15,2026-02-16,Overdue
702,31,2026-02-16,2026-02-17,Overdue
703,31,2026-02-17,2026-02-18,Overdue
704,31,2026-02-18,2026-02-19,Pending
705,31,2026-02-19,2026-02-20,Overdue
706,31,2026-02-20,2026-02-21,Pending
707,31,2026-02-21,2026-02-22,Completed
708,31,2026-02-22,2026-02-23,Completed
709,31,2026-02-23,2026-02-24,Completed
710,31,2026-02-24,2026-02-25,Pending
711,31,2026-02-25,2026-02-26,Completed
712,31,2026-02-26,2026-02-27,Overdue
713,31,2026-02-27,2026-02-28,Pending
714,31,2026-02-28,2026-03-01,Pending
715,31,2026-03-01,2026-03-02,Overdue
716,31,2026-03-02,2026-03-03,Overdue
717,31,2026-03-03,2026-03-04,Pending
718,31,2026-03-04,2026-03-05,Pending
719,31,2026-03-05,2026-03-06,Pending
720,31,2026-03-06,2026-03-07,Completed
721,31,2026-03-07,2026-03-08,Pending
722,31,2026-03-08,2026-03-09,Pending
723,32,2026-03-09,2026-03-10,Completed
724,32,2026-03-10,2026-03-11,Overdue
725,32,2026-03-11,2026-03-12,Overdue
726,32,2026-03-12,2026-03-13,Completed
727,32,2026-03-13,2026-03-14,Overdue
728,32,2026-03-14,2026-03-15,Pending
729,32,2026-03-15,2026-03-16,Pending
730,32,2026-03-16,2026-03-17,Overdue
731,32,2026-03-17,2026-03-18,Overdue
732,32,2026-03-18,2026-03-19,Pending
733,32,2026-03-19,2026-03-20,Pending
734,32,2026-03-20,2026-03-21,Pending
735,32,2026-03-21,2026-03-22,Completed
736,32,2026-03-22,2026-03-23,Overdue
737,32,2026-03-23,2026-03-24,Completed
738,32,2026-03-24,2026-03-25,Completed
739,32,2026-03-25,2026-03-26,Completed
740,32,2026-03-26,2026-03-27,Completed
741,32,2026-03-27,2026-03-28,Overdue
742,32,2026-03-28,2026-03-29,Completed
743,32,2026-03-29,2026-03-30,Pending
744,32,2026-03-30,2026-03-31,Overdue
745,32,2026-03-31,2026-04-01,Overdue
746,32,2026-04-01,2026-04-02,Overdue
747,32,2026-04-02,2026-04-03,Overdue
748,32,2026-04-03,2026-04-04,Completed
749,32,2026-04-04,2026-04-05,Completed
750,33,2026-04-05,2026-04-06,Pending
751,33,2026-04-06,2026-04-07,Pending
752,33,2026-04-07,2026-04-08,Overdue
753,33,2026-04-08,2026-04-09,Overdue
754,33,2026-04-09,2026-04-10,Pending
755,33,2026-04-10,2026-04-11,Completed
756,33,2026-04-11,2026-04-12,Overdue
757,33,2026-04-12,2026-04-13,Overdue
758,33,2026-04-13,2026-04-14,Pending
759,33,2026-04-14,2026-04-15,Completed
760,33,2026-04-15,2026-04-16,Pending
761,33,2026-04-16,2026-04-17,Pending
762,33,2026-04-17,2026-04-18,Overdue
763,33,2026-04-18,2026-04-19,Overdue
764,33,2026-04-19,2026-04-20,Overdue
765,33,2026-04-20,2026-04-21,Pending
766,33,2026-04-21,2026-04-22,Pending
767,33,2026-04-22,2026-04-23,Completed
768,33,2026-04-23,2026-04-24,Pending
769,33,2026-04-24,2026-04-25,Completed
770,33,2026-04-25,2026-04-26,Overdue
771,33,2026-04-26,2026-04-27,Completed
772,33,2026-04-27,2026-04-28,Pending
773,33,2026-04-28,2026-04-29,Completed
774,34,2026-04-29,2026-04-30,Pending
775,34,2026-04-30,2026-05-01,Overdue
776,34,2026-05-01,2026-05-02,Pending
777,34,2026-05-02,2026-05-03,Overdue
778,34,2026-05-03,2026-05-04,Pending
779,34,2026-05-04,2026-05-05,Overdue
780,34,2026-05-05,2026-05-06,Pending
781,34,2026-05-06,2026-05-07,Pending
782,34,2026-05-07,2026-05-08,Pending
783,34,2026-05-08,2026-05-09,Pending
784,34,2026-05-09,2026-05-10,Pending
785,34,2026-05-10,2026-05-11,Completed
786,34,2026-05-11,2026-05-12,Overdue
787,34,2026-05-12,2026-05-13,Completed
788,34,2026-05-13,2026-05-14,Overdue
789,34,2026-05-14,2026-05-15,Pending
790,34,2026-05-15,2026-05-16,Completed
791,34,2026-05-16,2026-05-17,Completed
792,34,2026-05-17,2026-05-18,Overdue
793,35,2026-05-18,2026-05-19,Completed
794,35,2026-05-19,2026-05-20,Pending
795,35,2026-05-20,2026-05-21,Overdue
796,35,2026-05-21,2026-05-22,Pending
797,35,2026-05-22,2026-05-23,Completed
798,35,2026-05-23,2026-05-24,Pending
799,35,2026-05-24,2026-05-25,Overdue
800,35,2026-05-25,2026-05-26,Pending
801,35,2026-05-26,2026-05-27,Completed
802,35,2026-05-27,2026-05-28,Completed
803,35,2026-05-28,2026-05-29,Pending
804,35,2026-05-29,2026-05-30,Completed
805,35,2026-05-30,2026-05-31,Pending
806,35,2026-05-31,2026-06-01,Overdue
807,35,2026-06-01,2026-06-02,Completed
808,35,2026-06-02,2026-06-03,Completed
809,35,2026-06-03,2026-06-04,Overdue
810,35,2026-06-04,2026-06-05,Completed
811,35,2026-06-05,2026-06-06,Overdue
812,35,2026-06-06,2026-06-07,Completed
813,35,2026-06-07,2026-06-08,Completed
814,35,2026-06-08,2026-06-09,Overdue
815,35,2026-06-09,2026-06-10,Pending
816,35,2026-06-10,2026-06-11,Completed
817,35,2026-06-11,2026-06-12,Pending
818,35,2026-06-12,2026-06-13,Pending
819,35,2026-06-13,2026-06-14,Pending
820,35,2026-06-14,2026-06-15,Pending
821,36,2026-06-15,2026-06-16,Pending
822,36,2026-06-16,2026-06-17,Completed
823,36,2026-06-17,2026-06-18,Pending
824,36,2026-06-18,2026-06-19,Completed
825,36,2026-06-19,2026-06-20,Overdue
826,36,2026-06-20,2026-06-21,Overdue
827,36,2026-06-21,2026-06-22,Pending
828,36,2026-06-22,2026-06-23,Pending
829,36,2026-06-23,2026-06-24,Pending
830,36,2026-06-24,2026-06-25,Completed
831,36,2026-06-25,2026-06-26,Pending
832,36,2026-06-26,2026-06-27,Pending
833,36,2026-06-27,2026-06-28,Overdue
834,36,2026-06-28,2026-06-29,Completed
835,36,2026-06-29,2026-06-30,Pending
836,36,2026-06-30,2026-07-01,Completed
837,36,2026-07-01,2026-07-02,Overdue
838,36,2026-07-02,2026-07-03,Overdue
839,36,2026-07-03,2026-07-04,Pending
840,36,2026-07-04,2026-07-05,Pending
841,36,2026-07-05,2026-07-06,Completed
842,36,2026-07-06,2026-07-07,Pending
843,36,2026-07-07,2026-07-08,Overdue
844,36,2026-07-08,2026-07-09,Completed
845,36,2026-07-09,2026-07-10,Overdue
846,37,2026-07-10,2026-07-11,Overdue
847,37,2026-07-11,2026-07-12,Overdue
848,37,2026-07-12,2026-07-13,Pending
849,37,2026-07-13,2026-07-14,Completed
850,37,2026-07-14,2026-07-15,Overdue
851,37,2026-07-15,2026-07-16,Pending
852,37,2026-07-16,2026-07-17,Pending
853,37,2026-07-17,2026-07-18,Completed
854,37,2026-07-18,2026-07-19,Overdue
855,37,2026-07-19,2026-07-20,Pending
856,37,2026-07-20,2026-07-21,Overdue
857,37,2026-07-21,2026-07-22,Overdue
858,37,2026-07-22,2026-07-23,Overdue
859,37,2026-07-23,2026-07-24,Pending
860,37,2026-07-24,2026-07-25,Pending
861,37,2026-07-25,2026-07-26,Overdue
862,37,2026-07-26,2026-07-27,Completed
863,37,2026-07-27,2026-07-28,Pending
864,37,2026-07-28,2026-07-29,Completed
865,37,2026-07-29,2026-07-30,Pending
866,37,2026-07-30,2026-07-31,Completed
867,37,2026-07-31,2026-08-01,Overdue
868,37,2026-08-01,2026-08-02,Completed
869,37,2026-08-02,2026-08-03,Overdue
870,37,2026-08-03,2026-08-04,Completed
871,37,2026-08-04,2026-08-05,Overdue
872,37,2026-08-05,2026-08-06,Pending
873,38,2026-08-06,2026-08-07,Pending
874,38,2026-08-07,2026-08-08,Pending
875,38,2026-08-08,2026-08-09,Completed
876,38,2026-08-09,2026-08-10,Pending
877,38,2026-08-10,2026-08-11,Pending
878,38,2026-08-11,2026-08-12,Overdue
879,38,2026-08-12,2026-08-13,Pending
880,38,2026-08-13,2026-08-14,Pending
881,38,2026-08-14,2026-08-15,Overdue
882,38,2026-08-15,2026-08-16,Overdue
883,38,2026-08-16,2026-08-17,Completed
884,38,2026-08-17,2026-08-18,Pending
885,38,2026-08-18,2026-08-19,Completed
886,38,2026-08-19,2026-08-20,Completed
887,38,2026-08-20,2026-08-21,Pending
888,38,2026-08-21,2026-08-22,Completed
889,38,2026-08-22,2026-08-23,Completed
890,38,2026-08-23,2026-08-24,Completed
891,38,2026-08-24,2026-08-25,Completed
892,38,2026-08-25,2026-08-26,Overdue
893,38,2026-08-26,2026-08-27,Completed
894,38,2026-08-27,2026-08-28,Completed
895,39,2026-08-28,2026-08-29,Pending
896,39,2026-08-29,2026-08-30,Completed
897,39,2026-08-30,2026-08-31,Overdue
898,39,2026-08-31,2026-09-01,Completed
899,39,2026-09-01,2026-09-02,Pending
900,39,2026-09-02,2026-09-03,Completed
901,39,2026-09-03,2026-09-04,Completed
902,39,2026-09-04,2026-09-05,Overdue
903,39,2026-09-05,2026-09-06,Pending
904,39,2026-09-06,2026-09-07,Pending
905,39,2026-09-07,2026-09-08,Pending
906,39,2026-09-08,2026-09-09,Completed
907,39,2026-09-09,2026-09-10,Pending
908,39,2026-09-10,2026-09-11,Overdue
909,39,2026-09-11,2026-09-12,Pending
910,39,2026-09-12,2026-09-13,Completed
911,39,2026-09-13,2026-09-14,Pending
912,39,2026-09-14,2026-09-15,Pending
913,39,2026-09-15,2026-09-16,Overdue
914,40,2026-09-16,2026-09-17,Overdue
915,40,2026-09-17,2026-09-18,Overdue
916,40,2026-09-18,2026-09-19,Overdue
917,40,2026-09-19,2026-09-20,Completed
918,40,2026-09-20,2026-09-21,Completed
919,40,2026-09-21,2026-09-22,Overdue
920,40,2026-09-22,2026-09-23,Pending
921,40,2026-09-23,2026-09-24,Completed
922,40,2026-09-24,2026-09-25,Pending
923,40,2026-09-25,2026-09-26,Completed
924,40,2026-09-26,2026-09-27,Overdue
925,40,2026-09-27,2026-09-28,Pending
926,40,2026-09-28,2026-09-29,Completed
927,40,2026-09-29,2026-09-30,Completed
928,40,2026-09-30,2026-10-01,Pending
929,40,2026-10-01,2026-10-02,Pending
930,40,2026-10-02,2026-10-03,Completed
931,40,2026-10-03,2026-10-04,Completed
932,40,2026-10-04,2026-10-05,Overdue
933,40,2026-10-05,2026-10-06,Overdue
934,41,2026-10-06,2026-10-07,Completed
935,41,2026-10-07,2026-10-08,Completed
936,41,2026-10-08,2026-10-09,Completed
937,41,2026-10-09,2026-10-10,Pending
938,41,2026-10-10,2026-10-11,Overdue
939,41,2026-10-11,2026-10-12,Overdue
940,41,2026-10-12,2026-10-13,Completed
941,41,2026-10-13,2026-10-14,Overdue
942,41,2026-10-14,2026-10-15,Pending
943,41,2026-10-15,2026-10-16,Overdue
944,41,2026-10-16,2026-10-17,Overdue
945,41,2026-10-17,2026-10-18,Completed
946,41,2026-10-18,2026-10-19,Pending
947,41,2026-10-19,2026-10-20,Pending
948,41,2026-10-20,2026-10-21,Completed
949,41,2026-10-21,2026-10-22,Pending
950,41,2026-10-22,2026-10-23,Completed
951,41,2026-10-23,2026-10-24,Overdue
952,41,2026-10-24,2026-10-25,Overdue
953,41,2026-10-25,2026-10-26,Pending
954,41,2026-10-26,2026-10-27,Overdue
955,41,2026-10-27,2026-10-28,Pending
956,41,2026-10-28,2026-10-29,Overdue
957,41,2026-10-29,2026-10-30,Completed
958,41,2026-10-30,2026-10-31,Completed
959,41,2026-10-31,2026-11-01,Pending
960,41,2026-11-01,2026-11-02,Pending
961,41,2026-11-02,2026-11-03,Pending
962,42,2026-11-03,2026-11-04,Pending
963,42,2026-11-04,2026-11-05,Completed
964,42,2026-11-05,2026-11-06,Completed
965,42,2026-11-06,2026-11-07,Overdue
966,42,2026-11-07,2026-11-08,Pending
967,42,2026-11-08,2026-11-09,Completed
968,42,2026-11-09,2026-11-10,Completed
969,42,2026-11-10,2026-11-11,Completed
970,42,2026-11-11,2026-11-12,Overdue
971,42,2026-11-12,2026-11-13,Pending
972,42,2026-11-13,2026-11-14,Completed
973,42,2026-11-14,2026-11-15,Overdue
974,42,2026-11-15,2026-11-16,Pending
975,42,2026-11-16,2026-11-17,Overdue
976,42,2026-11-17,2026-11-18,Pending
977,42,2026-11-18,2026-11-19,Pending
978,42,2026-11-19,2026-11-20,Overdue
979,42,2026-11-20,2026-11-21,Completed
980,42,2026-11-21,2026-11-22,Overdue
981,42,2026-11-22,2026-11-23,Overdue
982,42,2026-11-23,2026-11-24,Completed
983,42,2026-11-24,2026-11-25,Pending
984,42,2026-11-25,2026-11-26,Completed
985,42,2026-11-26,2026-11-27,Pending
986,42,2026-11-27,2026-11-28,Completed
987,42,2026-11-28,2026-11-29,Overdue
988,42,2026-11-29,2026-11-30,Overdue
989,42,2026-11-30,2026-12-01,Pending
990,43,2026-12-01,2026-12-02,Overdue
991,43,2026-12-02,2026-12-03,Overdue
992,43,2026-12-03,2026-12-04,Pending
993,43,2026-12-04,2026-12-05,Overdue
994,43,2026-12-05,2026-12-06,Overdue
995,43,2026-12-06,2026-12-07,Pending
996,43,2026-12-07,2026-12-08,Completed
997,43,2026-12-08,2026-12-09,Pending
998,43,2026-12-09,2026-12-10,Completed
999,43,2026-12-10,2026-12-11,Pending
1000,43,2026-12-11,2026-12-12,Pending
1001,43,2026-12-12,2026-12-13,Pending
1002,43,2026-12-13,2026-12-14,Pending
1003,43,2026-12-14,2026-12-15,Pending
1004,43,2026-12-15,2026-12-16,Completed
1005,43,2026-12-16,2026-12-17,Completed
1006,43,2026-12-17,2026-12-18,Overdue
1007,43,2026-12-18,2026-12-19,Pending
1008,43,2026-12-19,2026-12-20,Pending
1009,43,2026-12-20,2026-12-21,Pending
1010,44,2026-12-21,2026-12-22,Pending
1011,44,2026-12-22,2026-12-23,Pending
1012,44,2026-12-23,2026-12-24,Pending
1013,44,2026-12-24,2026-12-25,Pending
1014,44,2026-12-25,2026-12-26,Pending
1015,44,2026-12-26,2026-12-27,Overdue
1016,44,2026-12-27,2026-12-28,Overdue
1017,44,2026-12-28,2026-12-29,Overdue
1018,44,2026-12-29,2026-12-30,Pending
1019,44,2026-12-30,2026-12-31,Completed
1020,44,2026-12-31,2027-01-01,Completed
1021,44,2027-01-01,2027-01-02,Overdue
1022,44,2027-01-02,2027-01-03,Pending
1023,44,2027-01-03,2027-01-04,Pending
1024,44,2027-01-04,2027-01-05,Overdue
1025,44,2027-01-05,2027-01-06,Completed
1026,44,2027-01-06,2027-01-07,Completed
1027,44,2027-01-07,2027-01-08,Pending
1028,44,2027-01-08,2027-01-09,Pending
1029,44,2027-01-09,2027-01-10,Completed
1030,44,2027-01-10,2027-01-11,Overdue
1031,44,2027-01-11,2027-01-12,Overdue
1032,45,2027-01-12,2027-01-13,Pending
1033,45,2027-01-13,2027-01-14,Completed
1034,45,2027-01-14,2027-01-15,Pending
1035,45,2027-01-15,2027-01-16,Completed
1036,45,2027-01-16,2027-01-17,Pending
1037,45,2027-01-17,2027-01-18,Completed
1038,45,2027-01-18,2027-01-19,Pending
1039,45,2027-01-19,2027-01-20,Completed
1040,45,2027-01-20,2027-01-21,Pending
1041,45,2027-01-21,2027-01-22,Completed
1042,45,2027-01-22,2027-01-23,Overdue
1043,45,2027-01-23,2027-01-24,Completed
1044,45,2027-01-24,2027-01-25,Completed
1045,45,2027-01-25,2027-01-26,Pending
1046,45,2027-01-26,2027-01-27,Completed
1047,45,2027-01-27,2027-01-28,Completed
1048,46,2027-01-28,2027-01-29,Completed
1049,46,2027-01-29,2027-01-30,Overdue
1050,46,2027-01-30,2027-01-31,Pending
1051,46,2027-01-31,2027-02-01,Completed
1052,46,2027-02-01,2027-02-02,Pending
1053,46,2027-02-02,2027-02-03,Pending
1054,46,2027-02-03,2027-02-04,Pending
1055,46,2027-02-04,2027-02-05,Pending
1056,46,2027-02-05,2027-02-06,Pending
1057,46,2027-02-06,2027-02-07,Overdue
1058,46,2027-02-07,2027-02-08,Completed
1059,46,2027-02-08,2027-02-09,Completed
1060,46,2027-02-09,2027-02-10,Completed
1061,46,2027-02-10,2027-02-11,Completed
1062,46,2027-02-11,2027-02-12,Overdue
1063,46,2027-02-12,2027-02-13,Completed
1064,46,2027-02-13,2027-02-14,Pending
1065,46,2027-02-14,2027-02-15,Overdue
1066,46,2027-02-15,2027-02-16,Pending
1067,46,2027-02-16,2027-02-17,Completed
1068,46,2027-02-17,2027-02-18,Pending
1069,46,2027-02-18,2027-02-19,Pending
1070,46,2027-02-19,2027-02-20,Pending
1071,46,2027-02-20,2027-02-21,Overdue
1072,46,2027-02-21,2027-02-22,Overdue
1073,46,2027-02-22,2027-02-23,Pending
1074,46,2027-02-23,2027-02-24,Overdue
1075,47,2027-02-24,2027-02-25,Completed
1076,47,2027-02-25,2027-02-26,Overdue
1077,47,2027-02-26,2027-02-27,Completed
1078,47,2027-02-27,2027-02-28,Overdue
1079,47,2027-02-28,2027-03-01,Pending
1080,47,2027-03-01,2027-03-02,Overdue
1081,47,2027-03-02,2027-03-03,Completed
1082,47,2027-03-03,2027-03-04,Completed
1083,47,2027-03-04,2027-03-05,Completed
1084,47,2027-03-05,2027-03-06,Completed
1085,47,2027-03-06,2027-03-07,Completed
1086,47,2027-03-07,2027-03-08,Pending
1087,47,2027-03-08,2027-03-09,Completed
1088,47,2027-03-09,2027-03-10,Pending
1089,47,2027-03-10,2027-03-11,Overdue
1090,47,2027-03-11,2027-03-12,Pending
1091,47,2027-03-12,2027-03-13,Completed
1092,47,2027-03-13,2027-03-14,Overdue
1093,47,2027-03-14,2027-03-15,Overdue
1094,47,2027-03-15,2027-03-16,Pending
1095,47,2027-03-16,2027-03-17,Overdue
1096,47,2027-03-17,2027-03-18,Completed
1097,48,2027-03-18,2027-03-19,Pending
1098,48,2027-03-19,2027-03-20,Overdue
1099,48,2027-03-20,2027-03-21,Pending
1100,48,2027-03-21,2027-03-22,Overdue
1101,48,2027-03-22,2027-03-23,Pending
1102,48,2027-03-23,2027-03-24,Overdue
1103,48,2027-03-24,2027-03-25,Completed
1104,48,2027-03-25,2027-03-26,Pending
1105,48,2027-03-26,2027-03-27,Pending
1106,48,2027-03-27,2027-03-28,Overdue
1107,48,2027-03-28,2027-03-29,Completed
1108,48,2027-03-29,2027-03-30,Pending
1109,48,2027-03-30,2027-03-31,Completed
1110,48,2027-03-31,2027-04-01,Overdue
1111,48,2027-04-01,2027-04-02,Completed
1112,48,2027-04-02,2027-04-03,Completed
1113,48,2027-04-03,2027-04-04,Overdue
1114,48,2027-04-04,2027-04-05,Overdue
1115,49,2027-04-05,2027-04-06,Completed
1116,49,2027-04-06,2027-04-07,Overdue
1117,49,2027-04-07,2027-04-08,Completed
1118,49,2027-04-08,2027-04-09,Overdue
1119,49,2027-04-09,2027-04-10,Pending
1120,49,2027-04-10,2027-04-11,Completed
1121,49,2027-04-11,2027-04-12,Pending
1122,49,2027-04-12,2027-04-13,Pending
1123,49,2027-04-13,2027-04-14,Completed
1124,49,2027-04-14,2027-04-15,Completed
1125,49,2027-04-15,2027-04-16,Overdue
1126,49,2027-04-16,2027-04-17,Overdue
1127,49,2027-04-17,2027-04-18,Completed
1128,49,2027-04-18,2027-04-19,Overdue
1129,49,2027-04-19,2027-04-20,Overdue
1130,49,2027-04-20,2027-04-21,Pending
1131,49,2027-04-21,2027-04-22,Overdue
1132,49,2027-04-22,2027-04-23,Pending
1133,49,2027-04-23,2027-04-24,Completed
1134,49,2027-04-24,2027-04-25,Completed
1135,49,2027-04-25,2027-04-26,Pending
1136,50,2027-04-26,2027-04-27,Pending
1137,50,2027-04-27,2027-04-28,Pending
1138,50,2027-04-28,2027-04-29,Completed
1139,50,2027-04-29,2027-04-30,Pending
1140,50,2027-04-30,2027-05-01,Pending
1141,50,2027-05-01,2027-05-02,Pending
1142,50,2027-05-02,2027-05-03,Overdue
1143,50,2027-05-03,2027-05-04,Overdue
1144,50,2027-05-04,2027-05-05,Overdue
1145,50,2027-05-05,2027-05-06,Overdue
1146,50,2027-05-06,2027-05-07,Pending
1147,50,2027-05-07,2027-05-08,Pending
1148,50,2027-05-08,2027-05-09,Pending
1149,50,2027-05-09,2027-05-10,Pending
1150,50,2027-05-10,2027-05-11,Overdue
1151,50,2027-05-11,2027-05-12,Completed
1152,50,2027-05-12,2027-05-13,Completed
1153,50,2027-05-13,2027-05-14,Completed
1154,50,2027-05-14,2027-05-15,Pending
1155,50,2027-05-15,2027-05-16,Pending
1156,50,2027-05-16,2027-05-17,Pending
1157,50,2027-05-17,2027-05-18,Overdue
1158,50,2027-05-18,2027-05-19,Pending
1159,50,2027-05-19,2027-05-20,Overdue
1160,50,2027-05-20,2027-05-21,Completed
1161,50,2027-05-21,2027-05-22,Pending
1162,50,2027-05-22,2027-05-23,Pending
1163,50,2027-05-23,2027-05-24,Overdue
1164,50,2027-05-24,2027-05-25,Overdue
1165,50,2027-05-25,2027-05-26,Overdue
